Alcohol,Gin
AlcoholCuvee,Cognac
AlcoholJapaneseWhisky,JapaneseWhisky
AlcoholVodka,Vodka
AlcoholWhisky,TennesseWhiskey
Alcool,Vodka
Apple,HoneyCrispApple
AppleGreen,GrannySmithApple
Artichoke,Artichoke
Avocado,Avocado
Bag,Bag
Bag2,Bag2
Bag3,Bag3
Banana,Banana
BananaBunch,BananaBunch
beef,BeefRibeye
beef_ground,BeefGround1lb
BeerBK,BeerBK
BeerBlond,BeerBlond
BeerKegBlond,BeerCanBlond
BeerKegDegl,BeerCanDegl
BeerKegLager,BeerCanLager
BeerLager,BeerLager
BeerPackBlonde,BeerPackBlonde
BeerPackLager,BeerPackLager
BeerPackBK,BeerPackBK
BleachBoeff,BleachBoeff
BleachJajaBlue,BleachJajaBlue
BleachJajaGreen,BleachJajaGreen
BleachJajaYellow,BleachJajaYellow
BookAbc,
BookColors,
BookDonnine,
BookElectromagneticField,
BookIWontShare,
BookKrok,
BookMotherAndChild,
BookMuddleheadedWombat,
BookOnceUponATime,
BookPiticha,
BookSurpriseBook,
BookVintageStorybook,
Butter,Butter
Cake_Pack,CakePack
CakeMadeleines,MadeleineMix
CakeMarbre,MarbleCakeMix
CakeMarbres,MarbleCakeMix
CakePepites2,ChocolateChipCakeMix
CakePrairie,WaveCakeMix
CakeSucres,LemonLoafMix
CandyPack,M&M10oz
CandyPack_2,BubbleBluzz10oz
Capsule,DetergentCapsule
CapsuleBoum,
CapsuleCemagik,
Carrot,
Cereal_Chokipik,ChokipikCereal
Cereal_Pack,
CerealChokipik,ChokipikCereal
CerealCrispyChibi,CrispyChibiCereal
CerealHoneyBees,HoneyBeyCereal
Cheese_Parmigian,ParmigianCheese
Cheese_Parmigiano2,FancyParmigianCheese
CheeseComte,SwissCheese
CheeseDonBernado,MozzerelaCheese
CheeseGruyere,GruyereCheese
CheeseMimolette,CheddarCheese
chicken,ChickenBreastx2
chicken_whole,ChickenWhole
ChilliPeppersGreen,
ChilliPeppersRed,
ChilliPeppersYellow,
Chips_Pack,
ChipsChipos,ChipsChipos
ChipsChiposCrumpled,ChipsChiposCrumpled
ChipsCovidos2,ChipsCovidos
ChipsCovidosCrumpled,ChipsCovidos
ChipsVins,ChipsVins
ChipsVinsCrumpled,ChipsVins
ChocolateBoxPurple,PremiumChocolate
ChocolateBoxYellow,ChocolateMix
ChocolatePowder,HotChocolatePowder
ChocolateSpreadBrown,Nutella
ChocolateSpreadWhite,
Cleanser,WetWipes
CleanserKilemol,
CleanserSpray,CleanerSpray
CleanserWesh,CleanerSprayWesh
Clementine,
clementine,
CoffeeBlack,ItallianRoastBeans
CoffeeBlue,EsspressoRoastBeans
CoffeePink,SunsetBlendBeans
CrabSticks,CrabSticks
Cream,Cream
CreamHoumous,Houmous
CreamStark,CreamCheeseSpread
EggBox12,Eggs12
EggBox4,Eggs4
EggBox8,Eggs8
FlourBlue,BleachedFlour
FlourOrange,WholeWheatFlour
FlourRed,BreadFlour
FrozenBoxCones,VanillaStrawCones
FrozenMaxiCones,ChocPistacheCones
FrozenPackBurritos,FrozenBurritos
FrozenPackCrepes,FrozenCrepes
FrozenPackFrenchFries,FrenchFries
FrozenPackGalettes,FrozenWraps
FrozenPackGreenBeans,GreenBeanPack
FrozenPackLasagna,FrozenLasagne
FrozenPackLasagne2,FrozenVeggieLasagne
FrozenPackMacCheese,FrozenMacCheese
FrozenPackPotatoPops,Potatos
FrozenPackPurpleVegies,SpringVeggieMix
FrozenPackRedVegies,FallVeggieMix
FrozenPackVegies,WinterVeggieMix
FrozenPopopo,IceCreamPops
Garlic,
Grapefruit,
ham_crown,Bacon
ham_norway,Salmon
ham_single,HamSliced
Honey,
JuiceApple,AppleJuice
JuiceOrange,OrangeJuice
Kiwi,
lamb,LambChops3
LaundreyBottleGreen,LandreyDet
LaundreyBottlePink,LandreyDet
LaundryBottle,LandreyDet
Lemon,
Mango,
MashPotatoes,
Melon,
MilkBottles,MilkPack6
MilkCarton,
Mushroom,
OilOlive,OliveOil
OilSpray,CookingSpray
Onion,
Papaya,
PaperTowel,PaperTowels12
PastaBoxElbows,ElbowPasta
PastaBoxPenne,PenneRigatePasta
PastaBoxSpaghetti,SpaghettiPasta
PastaPenne,PennePasta
PastaPenne2,PennePasta
PeanutButter,PeanutButter
Pear,
Pepper,
PetFoodDog,
Pineapple,
PizzaCheese,CheesePizza
PizzaCombo,ComboPizza
PizzaPepperoni,PepperoniPizza
Potato,
PotatoeBag,
Pumpkin,
RiceBlue,BasmatiRice
RiceOrange,LongGrainRice
RiceWhite,ShortGrainRice
Salt,
SauceHotSauce,HotSauce
SauceKetchup,Ketchup
SauceMayo,Mayo
ShampooAvacado,
ShampooBaby,
ShampooCoconut,
ShampooDope,
ShampooExtraStrong,
ShampooGreen,
ShampooHoney,
ShampooMen,
ShampooMenFresh,
ShampooPearl,
SliceBreadWhite,
SlicedBreadSmall,
slicedBreadWhite,WhiteBread
SoapDurian,
SoapLemon,
SoapSmall,
SodaCola,
SodaKoujein,
SodaPop,
SodaZap,
Squash,
SugarBoully,PowderSugar
SugarDaronGreen,SugarSyrup
SugarDaronPink,OrganicSugarSyrup
SugarDaronPinkBox,CaneSugar
SugarDaronWhite,BrownSugar
SugarPablo,StrawberrySyrup
Sushis,SushiSet
SushisCaliRolls,SushiSet
SweetJarBrown,
SweetJarOrange,CookieJar
SweetJarRed,StrawberryJam
TeaboxAsian,GreenTea
TeaboxCylinderBlack,EarlGreyTea
TeaboxCylinderGreen,MatchaTea
TeaboxCylinderWhite,HoneyLemonTea
TinCanTunaSmall,TunaSmall
TinCanTunaMedium,TunaMed
TinCanTunaLarge,TunaLarge
Tomato,
Watermelon,
WineBottle5Y,MoscatelWhiteWine
WineBottleChebon,MerlotRedWine
YoghurtMixedFruit,
YoghurtVanilla,
YoghurtVanillaOrganic,
Zucchini,
